{"food": {"score": 2.0, "last_seen": 1768139462.9658284}, "baking": {"score": 1.0, "last_seen": 1768139438.0452788}, "dessert": {"score": 1.0, "last_seen": 1768139438.0452788}, "muffin": {"score": 1.0, "last_seen": 1768139438.0452788}, "recipe": {"score": 1.0, "last_seen": 1768139438.0452788}, "pizza": {"score": 1.0, "last_seen": 1768139462.9658284}, "eating": {"score": 1.0, "last_seen": 1768139462.9658284}, "ASMR": {"score": 1.0, "last_seen": 1768139462.9658284}}