{"food": {"score": 1.0, "last_seen": 1767206321.366798}, "baking": {"score": 1.0, "last_seen": 1767206321.366798}, "dessert": {"score": 1.0, "last_seen": 1767206321.366798}, "muffin": {"score": 1.0, "last_seen": 1767206321.366798}, "recipe": {"score": 1.0, "last_seen": 1767206321.366798}, "Dhurandhar": {"score": 2.0, "last_seen": 1767206713.8597193}, "movie": {"score": 2.0, "last_seen": 1767206713.8597193}, "celebrity": {"score": 1.0, "last_seen": 1767206334.111609}, "cast": {"score": 1.0, "last_seen": 1767206334.111609}, "real vs reel": {"score": 1.0, "last_seen": 1767206334.111609}, "meme": {"score": 1.5, "last_seen": 1767206629.6539364}, "college": {"score": 1.0, "last_seen": 1767206408.475407}, "work": {"score": 1.0, "last_seen": 1767206408.475407}, "funny": {"score": 1.5, "last_seen": 1767206629.6539364}, "dark-humor": {"score": 1.0, "last_seen": 1767206629.6539364}, "sarcasm": {"score": 1.0, "last_seen": 1767206629.6539364}, "news": {"score": 1.0, "last_seen": 1767206713.8597193}, "record": {"score": 1.0, "last_seen": 1767206713.8597193}, "success": {"score": 1.0, "last_seen": 1767206713.8597193}}